,Fecha,Producto,Cantidad,Precio_Unitario,Vendedor,Region,Total,Mes,Trimestre,Categoria_Venta
331,2023-11-28,Mouse,49,1468.61,María,Sur,71961.89,11,4,Alta
132,2023-05-13,Monitor,48,1495.91,Juan,Norte,71803.68,5,2,Alta
79,2023-03-21,Monitor,49,1386.82,Pedro,Este,67954.18,3,1,Alta
135,2023-05-16,Teclado,49,1376.92,María,Oeste,67469.08,5,2,Alta
247,2023-09-05,Laptop,49,1368.66,Pedro,Este,67064.34,9,3,Alta
269,2023-09-27,Monitor,49,1257.86,Laura,Norte,61635.14,9,3,Alta
9,2023-01-10,Auriculares,42,1452.28,Laura,Sur,60995.76,1,1,Alta
241,2023-08-30,Laptop,41,1439.02,María,Oeste,58999.82,8,3,Alta
190,2023-07-10,Mouse,43,1362.72,Pedro,Sur,58596.96,7,3,Alta
346,2023-12-13,Teclado,38,1483.21,Pedro,Sur,56361.98,12,4,Alta
